id,pocket_id,description,category,amount_spent,timestamp
1,1,Pharmacy,Healthcare,92.9,2023-01-01 00:00:00
2,1,Emergency Travel,Emergency Expense,188.57,2023-01-01 00:00:00
3,1,Emergency Travel,Emergency Expense,32.21,2023-01-01 00:00:00
4,3,Fashion Store,Shopping,137.17,2023-01-01 00:00:00
5,3,Fashion Store,Shopping,17.12,2023-01-01 00:00:00
6,2,Crypto Investment,Investment Contribution,6.57,2023-01-02 00:00:00
7,2,Stock Purchase,Investment Contribution,64.66,2023-01-02 00:00:00
8,3,Luxury Item,Personal Indulgence,193.46,2023-01-02 00:00:00
9,3,Coffee Shop,Bars & Cafes,117.33,2023-01-02 00:00:00
10,3,Movie Ticket,Entertainment,55.5,2023-01-02 00:00:00
11,4,Public Transit,Transportation,128.76,2023-01-02 00:00:00
12,1,Doctor Visit,Healthcare,185.04,2023-01-03 00:00:00
13,1,Insurance Premium,Healthcare,95.22,2023-01-03 00:00:00
14,1,Home Repair,Urgent Repair,149.11,2023-01-03 00:00:00
15,4,Internet Service,Utility Bill,88.59,2023-01-03 00:00:00
16,3,Luxury Item,Personal Indulgence,46.09,2023-01-04 00:00:00
17,3,Fashion Store,Shopping,174.59,2023-01-04 00:00:00
18,1,Pharmacy,Healthcare,193.31,2023-01-05 00:00:00
19,1,Urgent Bill,Emergency Expense,25.58,2023-01-05 00:00:00
20,2,401k Contribution,Investment Contribution,130.54,2023-01-05 00:00:00
21,2,Stock Broker Fee,Stock Purchase,145.9,2023-01-05 00:00:00
22,2,Stock Purchase,Investment Contribution,113.78,2023-01-05 00:00:00
23,3,Concert,Entertainment,53.22,2023-01-05 00:00:00
24,4,Utility Bill,Housing,60.97,2023-01-05 00:00:00
25,4,Taxi,Transportation,20.49,2023-01-05 00:00:00
26,2,Deposit to Savings,Savings Deposit,120.06,2023-01-06 00:00:00
27,2,IRA Contribution,Savings Deposit,81.57,2023-01-06 00:00:00
28,2,Stock Buy,Stock Purchase,86.56,2023-01-06 00:00:00
29,3,Streaming Service,Entertainment,75.79,2023-01-06 00:00:00
30,3,Online Shopping,Shopping,48.48,2023-01-06 00:00:00
31,3,Lunch,Bars & Cafes,94.68,2023-01-06 00:00:00
32,4,Taxi,Transportation,151.51,2023-01-06 00:00:00
33,4,Taxi,Transportation,168.73,2023-01-06 00:00:00
34,4,Gas Station,Transportation,152.39,2023-01-06 00:00:00
35,1,Doctor Visit,Healthcare,71.0,2023-01-07 00:00:00
36,1,Home Repair,Urgent Repair,193.06,2023-01-07 00:00:00
37,2,Deposit to Savings,Savings Deposit,71.36,2023-01-07 00:00:00
38,2,High-Yield Savings Transfer,Savings Deposit,31.29,2023-01-07 00:00:00
39,3,Mall Purchase,Shopping,41.4,2023-01-07 00:00:00
40,3,Local Bar,Bars & Cafes,100.42,2023-01-07 00:00:00
41,3,Local Bar,Bars & Cafes,169.91,2023-01-07 00:00:00
42,2,Deposit to Savings,Savings Deposit,97.97,2023-01-08 00:00:00
43,4,Electric Bill,Utility Bill,16.41,2023-01-08 00:00:00
44,3,Fashion Store,Shopping,179.83,2023-01-09 00:00:00
45,3,Luxury Item,Personal Indulgence,69.86,2023-01-09 00:00:00
46,4,Mortgage Payment,Housing,34.96,2023-01-09 00:00:00
47,4,Electric Bill,Utility Bill,163.31,2023-01-09 00:00:00
48,4,Water Bill,Utility Bill,130.41,2023-01-09 00:00:00
49,1,Plumbing Service,Urgent Repair,89.62,2023-01-10 00:00:00
50,1,Doctor Visit,Healthcare,11.56,2023-01-10 00:00:00
51,1,Insurance Premium,Healthcare,42.46,2023-01-10 00:00:00
52,2,ETF Purchase,Stock Purchase,185.35,2023-01-10 00:00:00
53,3,Gadget Purchase,Personal Indulgence,100.35,2023-01-10 00:00:00
54,3,Fashion Store,Shopping,60.9,2023-01-10 00:00:00
55,3,Gadget Purchase,Personal Indulgence,192.01,2023-01-10 00:00:00
56,4,Public Transit,Transportation,8.21,2023-01-10 00:00:00
57,1,Insurance Premium,Healthcare,177.08,2023-01-11 00:00:00
58,1,Vehicle Repair,Urgent Repair,45.46,2023-01-11 00:00:00
59,1,Vehicle Repair,Urgent Repair,94.27,2023-01-11 00:00:00
60,2,Stock Broker Fee,Stock Purchase,58.53,2023-01-11 00:00:00
61,2,Crypto Investment,Investment Contribution,180.01,2023-01-11 00:00:00
62,3,Movie Ticket,Entertainment,191.87,2023-01-11 00:00:00
63,3,Fashion Store,Shopping,163.65,2023-01-11 00:00:00
64,4,Farmers Market,Groceries,155.16,2023-01-11 00:00:00
65,4,Electric Bill,Utility Bill,162.37,2023-01-11 00:00:00
66,4,Mortgage Payment,Housing,148.35,2023-01-11 00:00:00
67,1,Vehicle Repair,Urgent Repair,157.18,2023-01-12 00:00:00
68,3,Local Bar,Bars & Cafes,134.41,2023-01-12 00:00:00
69,3,Local Bar,Bars & Cafes,22.51,2023-01-12 00:00:00
70,3,Lunch,Bars & Cafes,74.55,2023-01-12 00:00:00
71,4,Rent Payment,Housing,159.88,2023-01-12 00:00:00
72,1,Vehicle Repair,Urgent Repair,69.69,2023-01-13 00:00:00
73,2,Stock Buy,Stock Purchase,11.01,2023-01-13 00:00:00
74,2,IRA Contribution,Savings Deposit,11.52,2023-01-13 00:00:00
75,2,Stock Buy,Stock Purchase,46.14,2023-01-13 00:00:00
76,3,Concert,Entertainment,33.84,2023-01-13 00:00:00
77,3,Gadget Purchase,Personal Indulgence,136.68,2023-01-13 00:00:00
78,3,Coffee Shop,Bars & Cafes,133.97,2023-01-13 00:00:00
79,4,Utility Bill,Housing,95.37,2023-01-13 00:00:00
80,4,Public Transit,Transportation,70.73,2023-01-13 00:00:00
81,1,Pharmacy,Healthcare,157.7,2023-01-14 00:00:00
82,2,Deposit to Savings,Savings Deposit,90.17,2023-01-14 00:00:00
83,2,Stock Broker Fee,Stock Purchase,175.89,2023-01-14 00:00:00
84,3,Local Bar,Bars & Cafes,130.36,2023-01-14 00:00:00
85,4,Electric Bill,Utility Bill,130.31,2023-01-14 00:00:00
86,4,Taxi,Transportation,51.36,2023-01-14 00:00:00
87,4,Online Grocery,Groceries,21.39,2023-01-14 00:00:00
88,1,Emergency Travel,Emergency Expense,25.64,2023-01-15 00:00:00
89,1,Doctor Visit,Healthcare,77.25,2023-01-15 00:00:00
90,1,Plumbing Service,Urgent Repair,191.3,2023-01-15 00:00:00
91,2,Stock Purchase,Investment Contribution,31.03,2023-01-15 00:00:00
92,2,Stock Purchase,Investment Contribution,57.63,2023-01-15 00:00:00
93,3,Mall Purchase,Shopping,82.15,2023-01-15 00:00:00
94,3,Concert,Entertainment,162.3,2023-01-16 00:00:00
95,3,Concert,Entertainment,130.68,2023-01-16 00:00:00
96,1,Insurance Premium,Healthcare,22.16,2023-01-17 00:00:00
97,3,Luxury Item,Personal Indulgence,40.05,2023-01-17 00:00:00
98,3,Spa Visit,Personal Indulgence,121.71,2023-01-17 00:00:00
99,3,Mall Purchase,Shopping,191.79,2023-01-17 00:00:00
100,4,Taxi,Transportation,87.13,2023-01-17 00:00:00
101,4,Rent Payment,Housing,25.84,2023-01-17 00:00:00
102,1,Vehicle Repair,Urgent Repair,59.63,2023-01-18 00:00:00
103,1,Pharmacy,Healthcare,122.4,2023-01-18 00:00:00
104,1,Home Repair,Urgent Repair,119.34,2023-01-18 00:00:00
105,2,Deposit to Savings,Savings Deposit,69.31,2023-01-18 00:00:00
106,2,Stock Purchase,Investment Contribution,65.29,2023-01-18 00:00:00
107,3,Luxury Item,Personal Indulgence,79.73,2023-01-18 00:00:00
108,3,Lunch,Bars & Cafes,78.23,2023-01-18 00:00:00
109,3,Concert,Entertainment,149.71,2023-01-18 00:00:00
110,4,Taxi,Transportation,70.46,2023-01-18 00:00:00
111,4,Rent Payment,Housing,185.84,2023-01-18 00:00:00
112,4,Internet Service,Utility Bill,192.13,2023-01-18 00:00:00
113,2,Stock Buy,Stock Purchase,70.31,2023-01-19 00:00:00
114,2,Deposit to Savings,Savings Deposit,48.99,2023-01-19 00:00:00
115,2,401k Contribution,Investment Contribution,163.07,2023-01-19 00:00:00
116,3,Movie Ticket,Entertainment,100.59,2023-01-19 00:00:00
117,4,Water Bill,Utility Bill,65.06,2023-01-19 00:00:00
118,4,Farmers Market,Groceries,71.52,2023-01-19 00:00:00
119,1,Emergency Travel,Emergency Expense,181.25,2023-01-20 00:00:00
120,2,Crypto Investment,Investment Contribution,13.86,2023-01-20 00:00:00
121,2,Deposit to Savings,Savings Deposit,34.07,2023-01-20 00:00:00
122,2,Crypto Investment,Investment Contribution,151.65,2023-01-20 00:00:00
123,3,Concert,Entertainment,86.42,2023-01-20 00:00:00
124,3,Gadget Purchase,Personal Indulgence,23.52,2023-01-20 00:00:00
125,3,Streaming Service,Entertainment,117.81,2023-01-20 00:00:00
126,1,Emergency Travel,Emergency Expense,88.89,2023-01-21 00:00:00
127,2,Stock Purchase,Investment Contribution,82.62,2023-01-21 00:00:00
128,2,Stock Purchase,Investment Contribution,174.14,2023-01-21 00:00:00
129,3,Concert,Entertainment,31.33,2023-01-21 00:00:00
130,4,Electric Bill,Utility Bill,26.95,2023-01-21 00:00:00
131,4,Internet Service,Utility Bill,36.53,2023-01-21 00:00:00
132,4,Internet Service,Utility Bill,51.34,2023-01-21 00:00:00
133,1,Vehicle Repair,Urgent Repair,96.31,2023-01-22 00:00:00
134,1,Emergency Travel,Emergency Expense,24.42,2023-01-22 00:00:00
135,1,Vehicle Repair,Urgent Repair,163.14,2023-01-22 00:00:00
136,4,Taxi,Transportation,98.11,2023-01-22 00:00:00
137,2,401k Contribution,Investment Contribution,24.12,2023-01-23 00:00:00
138,1,Vehicle Repair,Urgent Repair,32.54,2023-01-24 00:00:00
139,1,Emergency Travel,Emergency Expense,82.93,2023-01-24 00:00:00
140,3,Luxury Item,Personal Indulgence,151.18,2023-01-24 00:00:00
141,3,Luxury Item,Personal Indulgence,16.57,2023-01-24 00:00:00
142,3,Luxury Item,Personal Indulgence,13.17,2023-01-24 00:00:00
143,4,Public Transit,Transportation,12.3,2023-01-24 00:00:00
144,4,Gas Station,Transportation,5.03,2023-01-24 00:00:00
145,1,Home Repair,Urgent Repair,87.87,2023-01-25 00:00:00
146,1,Emergency Travel,Emergency Expense,15.03,2023-01-25 00:00:00
147,3,Lunch,Bars & Cafes,27.82,2023-01-25 00:00:00
148,1,Insurance Premium,Healthcare,32.58,2023-01-26 00:00:00
149,1,Doctor Visit,Healthcare,154.18,2023-01-26 00:00:00
150,2,Stock Purchase,Investment Contribution,159.57,2023-01-26 00:00:00
151,2,Stock Purchase,Investment Contribution,181.44,2023-01-26 00:00:00
152,3,Spa Visit,Personal Indulgence,79.32,2023-01-26 00:00:00
153,4,Internet Service,Utility Bill,99.44,2023-01-26 00:00:00
154,1,Vehicle Repair,Urgent Repair,45.88,2023-01-27 00:00:00
155,2,Stock Buy,Stock Purchase,40.44,2023-01-27 00:00:00
156,2,Stock Broker Fee,Stock Purchase,42.86,2023-01-27 00:00:00
157,4,Water Bill,Utility Bill,6.21,2023-01-27 00:00:00
158,1,Plumbing Service,Urgent Repair,178.29,2023-01-28 00:00:00
159,3,Streaming Service,Entertainment,39.38,2023-01-28 00:00:00
160,3,Movie Ticket,Entertainment,157.55,2023-01-28 00:00:00
161,3,Online Shopping,Shopping,149.34,2023-01-28 00:00:00
162,2,ETF Purchase,Stock Purchase,76.35,2023-01-29 00:00:00
163,2,High-Yield Savings Transfer,Savings Deposit,110.94,2023-01-29 00:00:00
164,3,Mall Purchase,Shopping,90.3,2023-01-29 00:00:00
165,3,Streaming Service,Entertainment,117.85,2023-01-29 00:00:00
166,1,Plumbing Service,Urgent Repair,195.61,2023-01-30 00:00:00
167,1,Insurance Premium,Healthcare,6.01,2023-01-30 00:00:00
168,1,Vehicle Repair,Urgent Repair,192.19,2023-01-30 00:00:00
169,3,Online Shopping,Shopping,182.59,2023-01-30 00:00:00
170,3,Spa Visit,Personal Indulgence,42.74,2023-01-30 00:00:00
171,3,Fashion Store,Shopping,120.5,2023-01-30 00:00:00
172,4,Internet Service,Utility Bill,16.03,2023-01-30 00:00:00
173,4,Online Grocery,Groceries,138.78,2023-01-30 00:00:00
174,1,Insurance Premium,Healthcare,161.45,2023-01-31 00:00:00
175,2,Stock Broker Fee,Stock Purchase,132.41,2023-01-31 00:00:00
176,3,Concert,Entertainment,88.89,2023-01-31 00:00:00
177,3,Mall Purchase,Shopping,104.93,2023-01-31 00:00:00
178,3,Lunch,Bars & Cafes,11.06,2023-01-31 00:00:00
179,4,Electric Bill,Utility Bill,89.85,2023-01-31 00:00:00
180,4,Gas Station,Transportation,120.85,2023-01-31 00:00:00
181,3,Online Shopping,Shopping,9.61,2023-02-01 00:00:00
182,4,Farmers Market,Groceries,171.58,2023-02-01 00:00:00
183,4,Online Grocery,Groceries,193.16,2023-02-01 00:00:00
184,1,Car Repair,Emergency Expense,114.08,2023-02-02 00:00:00
185,3,Streaming Service,Entertainment,125.79,2023-02-02 00:00:00
186,3,Local Bar,Bars & Cafes,149.12,2023-02-02 00:00:00
187,4,Online Grocery,Groceries,139.91,2023-02-02 00:00:00
188,4,Mortgage Payment,Housing,167.37,2023-02-02 00:00:00
189,1,Doctor Visit,Healthcare,88.82,2023-02-03 00:00:00
190,1,Car Repair,Emergency Expense,140.85,2023-02-03 00:00:00
191,1,Vehicle Repair,Urgent Repair,41.33,2023-02-03 00:00:00
192,2,Deposit to Savings,Savings Deposit,98.2,2023-02-03 00:00:00
193,2,Crypto Investment,Investment Contribution,72.96,2023-02-03 00:00:00
194,3,Lunch,Bars & Cafes,118.49,2023-02-03 00:00:00
195,3,Movie Ticket,Entertainment,93.63,2023-02-03 00:00:00
196,3,Gadget Purchase,Personal Indulgence,35.48,2023-02-03 00:00:00
197,1,Home Repair,Urgent Repair,187.06,2023-02-04 00:00:00
198,2,IRA Contribution,Savings Deposit,148.45,2023-02-04 00:00:00
199,2,ETF Purchase,Stock Purchase,109.14,2023-02-04 00:00:00
200,2,Stock Purchase,Investment Contribution,29.97,2023-02-04 00:00:00
201,4,Water Bill,Utility Bill,10.99,2023-02-04 00:00:00
202,1,Plumbing Service,Urgent Repair,198.83,2023-02-05 00:00:00
203,1,Insurance Premium,Healthcare,198.97,2023-02-05 00:00:00
204,2,IRA Contribution,Savings Deposit,23.48,2023-02-05 00:00:00
205,2,401k Contribution,Investment Contribution,139.31,2023-02-05 00:00:00
206,2,Crypto Investment,Investment Contribution,74.91,2023-02-05 00:00:00
207,4,Electric Bill,Utility Bill,27.58,2023-02-05 00:00:00
208,4,Public Transit,Transportation,27.08,2023-02-05 00:00:00
209,4,Public Transit,Transportation,156.66,2023-02-05 00:00:00
210,1,Pharmacy,Healthcare,24.99,2023-02-06 00:00:00
211,1,Pharmacy,Healthcare,93.89,2023-02-06 00:00:00
212,2,Stock Buy,Stock Purchase,61.33,2023-02-06 00:00:00
213,4,Farmers Market,Groceries,16.21,2023-02-06 00:00:00
214,2,ETF Purchase,Stock Purchase,109.94,2023-02-07 00:00:00
215,2,ETF Purchase,Stock Purchase,148.56,2023-02-07 00:00:00
216,3,Fashion Store,Shopping,152.16,2023-02-07 00:00:00
217,3,Streaming Service,Entertainment,85.86,2023-02-07 00:00:00
218,1,Car Repair,Emergency Expense,8.72,2023-02-08 00:00:00
219,2,Deposit to Savings,Savings Deposit,48.45,2023-02-08 00:00:00
220,2,Deposit to Savings,Savings Deposit,49.3,2023-02-08 00:00:00
221,3,Luxury Item,Personal Indulgence,74.14,2023-02-08 00:00:00
222,3,Fashion Store,Shopping,176.34,2023-02-08 00:00:00
223,3,Local Bar,Bars & Cafes,159.86,2023-02-08 00:00:00
224,4,Internet Service,Utility Bill,107.63,2023-02-08 00:00:00
225,4,Rent Payment,Housing,136.27,2023-02-08 00:00:00
226,1,Vehicle Repair,Urgent Repair,133.15,2023-02-09 00:00:00
227,1,Plumbing Service,Urgent Repair,94.33,2023-02-09 00:00:00
228,1,Car Repair,Emergency Expense,137.28,2023-02-09 00:00:00
229,2,ETF Purchase,Stock Purchase,57.51,2023-02-09 00:00:00
230,2,Stock Purchase,Investment Contribution,163.27,2023-02-09 00:00:00
231,2,Stock Broker Fee,Stock Purchase,43.5,2023-02-09 00:00:00
232,3,Online Shopping,Shopping,11.69,2023-02-09 00:00:00
233,4,Farmers Market,Groceries,7.26,2023-02-09 00:00:00
234,4,Rent Payment,Housing,123.97,2023-02-09 00:00:00
235,4,Rent Payment,Housing,95.43,2023-02-09 00:00:00
236,1,Plumbing Service,Urgent Repair,5.7,2023-02-10 00:00:00
237,1,Pharmacy,Healthcare,147.32,2023-02-10 00:00:00
238,3,Movie Ticket,Entertainment,28.47,2023-02-10 00:00:00
239,3,Movie Ticket,Entertainment,199.34,2023-02-10 00:00:00
240,2,Stock Purchase,Investment Contribution,106.22,2023-02-11 00:00:00
241,3,Movie Ticket,Entertainment,70.48,2023-02-11 00:00:00
242,3,Lunch,Bars & Cafes,191.07,2023-02-11 00:00:00
243,4,Rent Payment,Housing,90.18,2023-02-11 00:00:00
244,4,Utility Bill,Housing,50.7,2023-02-11 00:00:00
245,4,Mortgage Payment,Housing,70.46,2023-02-11 00:00:00
246,1,Vehicle Repair,Urgent Repair,108.16,2023-02-12 00:00:00
247,1,Plumbing Service,Urgent Repair,156.93,2023-02-12 00:00:00
248,1,Insurance Premium,Healthcare,35.54,2023-02-12 00:00:00
249,2,Crypto Investment,Investment Contribution,57.81,2023-02-12 00:00:00
250,2,IRA Contribution,Savings Deposit,93.74,2023-02-12 00:00:00
251,3,Streaming Service,Entertainment,119.24,2023-02-12 00:00:00
252,3,Mall Purchase,Shopping,92.04,2023-02-12 00:00:00
253,3,Gadget Purchase,Personal Indulgence,107.17,2023-02-12 00:00:00
254,4,Internet Service,Utility Bill,33.1,2023-02-12 00:00:00
255,4,Supermarket,Groceries,76.53,2023-02-12 00:00:00
256,4,Supermarket,Groceries,74.97,2023-02-12 00:00:00
257,4,Taxi,Transportation,166.34,2023-02-13 00:00:00
258,1,Vehicle Repair,Urgent Repair,190.56,2023-02-14 00:00:00
259,1,Emergency Travel,Emergency Expense,88.31,2023-02-14 00:00:00
260,1,Urgent Bill,Emergency Expense,10.0,2023-02-14 00:00:00
261,2,Crypto Investment,Investment Contribution,154.33,2023-02-14 00:00:00
262,2,401k Contribution,Investment Contribution,112.2,2023-02-14 00:00:00
263,3,Mall Purchase,Shopping,48.73,2023-02-14 00:00:00
264,4,Internet Service,Utility Bill,37.05,2023-02-14 00:00:00
265,4,Taxi,Transportation,143.66,2023-02-14 00:00:00
266,1,Home Repair,Urgent Repair,192.79,2023-02-15 00:00:00
267,1,Doctor Visit,Healthcare,108.12,2023-02-15 00:00:00
268,2,Stock Buy,Stock Purchase,7.98,2023-02-15 00:00:00
269,2,ETF Purchase,Stock Purchase,79.69,2023-02-15 00:00:00
270,2,Stock Broker Fee,Stock Purchase,13.74,2023-02-15 00:00:00
271,3,Concert,Entertainment,137.01,2023-02-15 00:00:00
272,4,Utility Bill,Housing,45.88,2023-02-15 00:00:00
273,4,Online Grocery,Groceries,167.68,2023-02-15 00:00:00
274,2,Stock Broker Fee,Stock Purchase,88.4,2023-02-16 00:00:00
275,2,ETF Purchase,Stock Purchase,159.86,2023-02-16 00:00:00
276,3,Local Bar,Bars & Cafes,146.43,2023-02-16 00:00:00
277,3,Movie Ticket,Entertainment,72.28,2023-02-16 00:00:00
278,3,Fashion Store,Shopping,166.35,2023-02-16 00:00:00
279,4,Utility Bill,Housing,163.0,2023-02-16 00:00:00
280,1,Insurance Premium,Healthcare,105.73,2023-02-17 00:00:00
281,1,Urgent Bill,Emergency Expense,193.34,2023-02-17 00:00:00
282,2,ETF Purchase,Stock Purchase,79.63,2023-02-17 00:00:00
283,2,Stock Broker Fee,Stock Purchase,48.12,2023-02-17 00:00:00
284,2,Stock Broker Fee,Stock Purchase,108.47,2023-02-17 00:00:00
285,3,Movie Ticket,Entertainment,96.44,2023-02-17 00:00:00
286,3,Streaming Service,Entertainment,191.28,2023-02-17 00:00:00
287,4,Electric Bill,Utility Bill,126.2,2023-02-17 00:00:00
288,4,Internet Service,Utility Bill,127.89,2023-02-17 00:00:00
289,4,Electric Bill,Utility Bill,109.16,2023-02-17 00:00:00
290,1,Pharmacy,Healthcare,94.5,2023-02-18 00:00:00
291,1,Vehicle Repair,Urgent Repair,65.52,2023-02-18 00:00:00
292,3,Streaming Service,Entertainment,94.73,2023-02-18 00:00:00
293,3,Local Bar,Bars & Cafes,147.19,2023-02-18 00:00:00
294,3,Gadget Purchase,Personal Indulgence,149.03,2023-02-18 00:00:00
295,4,Water Bill,Utility Bill,174.38,2023-02-18 00:00:00
296,4,Water Bill,Utility Bill,128.37,2023-02-18 00:00:00
297,2,Stock Buy,Stock Purchase,131.77,2023-02-19 00:00:00
298,3,Lunch,Bars & Cafes,9.04,2023-02-19 00:00:00
299,3,Movie Ticket,Entertainment,17.55,2023-02-19 00:00:00
300,3,Mall Purchase,Shopping,191.73,2023-02-19 00:00:00
301,4,Gas Station,Transportation,162.22,2023-02-19 00:00:00
302,4,Supermarket,Groceries,153.3,2023-02-19 00:00:00
303,1,Pharmacy,Healthcare,15.24,2023-02-20 00:00:00
304,1,Doctor Visit,Healthcare,78.38,2023-02-20 00:00:00
305,2,401k Contribution,Investment Contribution,173.98,2023-02-20 00:00:00
306,2,High-Yield Savings Transfer,Savings Deposit,159.26,2023-02-20 00:00:00
307,3,Movie Ticket,Entertainment,12.76,2023-02-20 00:00:00
308,3,Lunch,Bars & Cafes,197.71,2023-02-20 00:00:00
309,3,Online Shopping,Shopping,151.25,2023-02-20 00:00:00
310,4,Taxi,Transportation,12.79,2023-02-20 00:00:00
311,4,Farmers Market,Groceries,84.54,2023-02-20 00:00:00
312,4,Public Transit,Transportation,36.93,2023-02-20 00:00:00
313,1,Doctor Visit,Healthcare,177.65,2023-02-21 00:00:00
314,1,Plumbing Service,Urgent Repair,168.72,2023-02-21 00:00:00
315,3,Gadget Purchase,Personal Indulgence,88.11,2023-02-21 00:00:00
316,4,Online Grocery,Groceries,72.37,2023-02-21 00:00:00
317,4,Rent Payment,Housing,75.69,2023-02-21 00:00:00
318,4,Internet Service,Utility Bill,128.11,2023-02-21 00:00:00
319,2,IRA Contribution,Savings Deposit,187.1,2023-02-22 00:00:00
320,2,Stock Broker Fee,Stock Purchase,114.59,2023-02-22 00:00:00
321,4,Gas Station,Transportation,103.4,2023-02-22 00:00:00
322,4,Water Bill,Utility Bill,165.05,2023-02-22 00:00:00
323,2,Stock Broker Fee,Stock Purchase,35.56,2023-02-23 00:00:00
324,2,Stock Buy,Stock Purchase,188.03,2023-02-23 00:00:00
325,2,High-Yield Savings Transfer,Savings Deposit,152.13,2023-02-23 00:00:00
326,3,Streaming Service,Entertainment,137.46,2023-02-23 00:00:00
327,4,Farmers Market,Groceries,76.02,2023-02-23 00:00:00
328,4,Rent Payment,Housing,45.77,2023-02-23 00:00:00
329,1,Urgent Bill,Emergency Expense,171.22,2023-02-24 00:00:00
330,3,Online Shopping,Shopping,10.75,2023-02-24 00:00:00
331,3,Online Shopping,Shopping,27.85,2023-02-24 00:00:00
332,4,Gas Station,Transportation,101.59,2023-02-24 00:00:00
333,1,Pharmacy,Healthcare,122.24,2023-02-25 00:00:00
334,1,Emergency Travel,Emergency Expense,99.47,2023-02-25 00:00:00
335,2,High-Yield Savings Transfer,Savings Deposit,127.43,2023-02-25 00:00:00
336,2,Stock Buy,Stock Purchase,130.83,2023-02-25 00:00:00
337,3,Mall Purchase,Shopping,105.45,2023-02-25 00:00:00
338,3,Spa Visit,Personal Indulgence,119.17,2023-02-25 00:00:00
339,3,Mall Purchase,Shopping,193.82,2023-02-25 00:00:00
340,4,Mortgage Payment,Housing,51.68,2023-02-25 00:00:00
341,4,Internet Service,Utility Bill,6.3,2023-02-25 00:00:00
342,4,Rent Payment,Housing,183.42,2023-02-25 00:00:00
343,1,Pharmacy,Healthcare,49.99,2023-02-26 00:00:00
344,2,IRA Contribution,Savings Deposit,66.89,2023-02-26 00:00:00
345,2,Stock Buy,Stock Purchase,125.93,2023-02-26 00:00:00
346,3,Luxury Item,Personal Indulgence,142.13,2023-02-26 00:00:00
347,3,Online Shopping,Shopping,114.69,2023-02-26 00:00:00
348,4,Farmers Market,Groceries,189.97,2023-02-26 00:00:00
349,4,Supermarket,Groceries,156.61,2023-02-26 00:00:00
350,4,Farmers Market,Groceries,46.93,2023-02-26 00:00:00
351,1,Pharmacy,Healthcare,107.26,2023-02-27 00:00:00
352,1,Emergency Travel,Emergency Expense,127.62,2023-02-27 00:00:00
353,2,IRA Contribution,Savings Deposit,145.88,2023-02-27 00:00:00
354,2,IRA Contribution,Savings Deposit,39.76,2023-02-27 00:00:00
355,2,High-Yield Savings Transfer,Savings Deposit,141.06,2023-02-27 00:00:00
356,3,Mall Purchase,Shopping,29.92,2023-02-27 00:00:00
357,3,Online Shopping,Shopping,101.74,2023-02-27 00:00:00
358,3,Streaming Service,Entertainment,53.05,2023-02-27 00:00:00
359,4,Internet Service,Utility Bill,21.26,2023-02-27 00:00:00
360,1,Car Repair,Emergency Expense,149.98,2023-02-28 00:00:00
361,2,Stock Purchase,Investment Contribution,17.14,2023-02-28 00:00:00
362,2,Crypto Investment,Investment Contribution,31.06,2023-02-28 00:00:00
363,2,Stock Buy,Stock Purchase,48.23,2023-02-28 00:00:00
364,3,Coffee Shop,Bars & Cafes,32.91,2023-02-28 00:00:00
365,2,Crypto Investment,Investment Contribution,91.97,2023-03-01 00:00:00
366,2,Stock Purchase,Investment Contribution,54.56,2023-03-01 00:00:00
367,2,High-Yield Savings Transfer,Savings Deposit,170.55,2023-03-01 00:00:00
368,3,Concert,Entertainment,127.28,2023-03-01 00:00:00
369,3,Movie Ticket,Entertainment,125.34,2023-03-01 00:00:00
370,3,Lunch,Bars & Cafes,120.68,2023-03-01 00:00:00
371,4,Farmers Market,Groceries,132.19,2023-03-01 00:00:00
372,4,Rent Payment,Housing,59.32,2023-03-01 00:00:00
373,2,Deposit to Savings,Savings Deposit,110.6,2023-03-02 00:00:00
374,2,ETF Purchase,Stock Purchase,139.8,2023-03-02 00:00:00
375,2,ETF Purchase,Stock Purchase,172.09,2023-03-02 00:00:00
376,3,Fashion Store,Shopping,113.57,2023-03-02 00:00:00
377,3,Mall Purchase,Shopping,32.07,2023-03-02 00:00:00
378,3,Luxury Item,Personal Indulgence,175.14,2023-03-02 00:00:00
379,4,Utility Bill,Housing,103.47,2023-03-02 00:00:00
380,4,Online Grocery,Groceries,131.25,2023-03-02 00:00:00
381,1,Home Repair,Urgent Repair,44.89,2023-03-03 00:00:00
382,1,Emergency Travel,Emergency Expense,22.13,2023-03-03 00:00:00
383,1,Plumbing Service,Urgent Repair,50.92,2023-03-03 00:00:00
384,2,401k Contribution,Investment Contribution,175.82,2023-03-03 00:00:00
385,2,Stock Purchase,Investment Contribution,155.84,2023-03-03 00:00:00
386,4,Water Bill,Utility Bill,169.72,2023-03-03 00:00:00
387,1,Doctor Visit,Healthcare,169.95,2023-03-04 00:00:00
388,1,Plumbing Service,Urgent Repair,89.16,2023-03-04 00:00:00
389,2,ETF Purchase,Stock Purchase,38.34,2023-03-04 00:00:00
390,2,Stock Buy,Stock Purchase,66.65,2023-03-04 00:00:00
391,2,401k Contribution,Investment Contribution,116.36,2023-03-04 00:00:00
392,3,Coffee Shop,Bars & Cafes,20.53,2023-03-04 00:00:00
393,3,Local Bar,Bars & Cafes,181.28,2023-03-04 00:00:00
394,3,Lunch,Bars & Cafes,152.96,2023-03-04 00:00:00
395,1,Urgent Bill,Emergency Expense,61.59,2023-03-05 00:00:00
396,1,Car Repair,Emergency Expense,165.28,2023-03-05 00:00:00
397,1,Emergency Travel,Emergency Expense,110.45,2023-03-05 00:00:00
398,2,Crypto Investment,Investment Contribution,46.55,2023-03-05 00:00:00
399,3,Spa Visit,Personal Indulgence,170.07,2023-03-05 00:00:00
400,3,Luxury Item,Personal Indulgence,143.79,2023-03-05 00:00:00
401,4,Mortgage Payment,Housing,77.18,2023-03-05 00:00:00
402,4,Supermarket,Groceries,16.88,2023-03-05 00:00:00
403,1,Doctor Visit,Healthcare,50.79,2023-03-06 00:00:00
404,1,Emergency Travel,Emergency Expense,170.02,2023-03-06 00:00:00
405,1,Urgent Bill,Emergency Expense,87.9,2023-03-06 00:00:00
406,4,Gas Station,Transportation,16.29,2023-03-06 00:00:00
407,4,Electric Bill,Utility Bill,8.13,2023-03-06 00:00:00
408,1,Vehicle Repair,Urgent Repair,26.19,2023-03-07 00:00:00
409,1,Pharmacy,Healthcare,133.61,2023-03-07 00:00:00
410,2,Crypto Investment,Investment Contribution,81.61,2023-03-07 00:00:00
411,2,IRA Contribution,Savings Deposit,6.48,2023-03-07 00:00:00
412,2,ETF Purchase,Stock Purchase,170.22,2023-03-07 00:00:00
413,3,Coffee Shop,Bars & Cafes,140.54,2023-03-07 00:00:00
414,4,Rent Payment,Housing,40.2,2023-03-07 00:00:00
415,4,Online Grocery,Groceries,187.85,2023-03-07 00:00:00
416,4,Rent Payment,Housing,152.14,2023-03-07 00:00:00
417,2,Crypto Investment,Investment Contribution,77.8,2023-03-08 00:00:00
418,3,Coffee Shop,Bars & Cafes,73.79,2023-03-08 00:00:00
419,3,Mall Purchase,Shopping,142.95,2023-03-08 00:00:00
420,3,Gadget Purchase,Personal Indulgence,74.63,2023-03-08 00:00:00
421,4,Gas Station,Transportation,70.22,2023-03-08 00:00:00
422,4,Public Transit,Transportation,30.64,2023-03-08 00:00:00
423,4,Mortgage Payment,Housing,169.28,2023-03-08 00:00:00
424,1,Pharmacy,Healthcare,41.07,2023-03-09 00:00:00
425,1,Plumbing Service,Urgent Repair,91.37,2023-03-09 00:00:00
426,2,Stock Buy,Stock Purchase,182.07,2023-03-09 00:00:00
427,2,IRA Contribution,Savings Deposit,181.7,2023-03-09 00:00:00
428,4,Electric Bill,Utility Bill,178.04,2023-03-09 00:00:00
429,4,Taxi,Transportation,8.87,2023-03-09 00:00:00
430,4,Internet Service,Utility Bill,171.51,2023-03-09 00:00:00
431,2,High-Yield Savings Transfer,Savings Deposit,165.67,2023-03-10 00:00:00
432,3,Lunch,Bars & Cafes,120.72,2023-03-10 00:00:00
433,4,Supermarket,Groceries,177.68,2023-03-10 00:00:00
434,1,Doctor Visit,Healthcare,150.73,2023-03-11 00:00:00
435,2,Stock Buy,Stock Purchase,199.45,2023-03-11 00:00:00
436,2,Crypto Investment,Investment Contribution,109.02,2023-03-11 00:00:00
437,3,Gadget Purchase,Personal Indulgence,189.13,2023-03-11 00:00:00
438,3,Lunch,Bars & Cafes,32.4,2023-03-11 00:00:00
439,3,Fashion Store,Shopping,77.34,2023-03-11 00:00:00
440,4,Internet Service,Utility Bill,56.46,2023-03-11 00:00:00
441,4,Online Grocery,Groceries,124.59,2023-03-11 00:00:00
442,1,Car Repair,Emergency Expense,169.92,2023-03-12 00:00:00
443,1,Doctor Visit,Healthcare,110.93,2023-03-12 00:00:00
444,2,Stock Buy,Stock Purchase,77.06,2023-03-12 00:00:00
445,4,Supermarket,Groceries,154.19,2023-03-12 00:00:00
446,4,Taxi,Transportation,166.86,2023-03-12 00:00:00
447,4,Gas Station,Transportation,113.15,2023-03-12 00:00:00
448,1,Vehicle Repair,Urgent Repair,168.38,2023-03-13 00:00:00
449,1,Car Repair,Emergency Expense,78.18,2023-03-13 00:00:00
450,2,Stock Broker Fee,Stock Purchase,176.81,2023-03-13 00:00:00
451,2,Stock Purchase,Investment Contribution,68.05,2023-03-13 00:00:00
452,3,Mall Purchase,Shopping,142.4,2023-03-13 00:00:00
453,4,Online Grocery,Groceries,39.82,2023-03-13 00:00:00
454,4,Utility Bill,Housing,63.69,2023-03-13 00:00:00
455,1,Vehicle Repair,Urgent Repair,97.9,2023-03-14 00:00:00
456,1,Plumbing Service,Urgent Repair,169.78,2023-03-14 00:00:00
457,2,High-Yield Savings Transfer,Savings Deposit,157.66,2023-03-14 00:00:00
458,3,Online Shopping,Shopping,175.11,2023-03-14 00:00:00
459,2,Stock Purchase,Investment Contribution,192.05,2023-03-15 00:00:00
460,2,ETF Purchase,Stock Purchase,112.99,2023-03-15 00:00:00
461,2,IRA Contribution,Savings Deposit,9.9,2023-03-15 00:00:00
462,3,Streaming Service,Entertainment,186.94,2023-03-15 00:00:00
463,3,Fashion Store,Shopping,128.95,2023-03-15 00:00:00
464,4,Water Bill,Utility Bill,85.87,2023-03-15 00:00:00
465,1,Emergency Travel,Emergency Expense,188.15,2023-03-16 00:00:00
466,1,Insurance Premium,Healthcare,156.4,2023-03-16 00:00:00
467,2,Stock Purchase,Investment Contribution,164.91,2023-03-16 00:00:00
468,3,Lunch,Bars & Cafes,40.54,2023-03-16 00:00:00
469,3,Online Shopping,Shopping,23.05,2023-03-16 00:00:00
470,4,Online Grocery,Groceries,191.96,2023-03-16 00:00:00
471,4,Electric Bill,Utility Bill,133.18,2023-03-16 00:00:00
472,1,Plumbing Service,Urgent Repair,92.09,2023-03-17 00:00:00
473,1,Urgent Bill,Emergency Expense,41.17,2023-03-17 00:00:00
474,2,ETF Purchase,Stock Purchase,90.89,2023-03-17 00:00:00
475,4,Mortgage Payment,Housing,117.67,2023-03-17 00:00:00
476,4,Taxi,Transportation,174.38,2023-03-17 00:00:00
477,1,Car Repair,Emergency Expense,125.31,2023-03-18 00:00:00
478,2,401k Contribution,Investment Contribution,111.49,2023-03-18 00:00:00
479,2,Stock Purchase,Investment Contribution,73.43,2023-03-18 00:00:00
480,4,Electric Bill,Utility Bill,13.23,2023-03-18 00:00:00
481,1,Insurance Premium,Healthcare,77.99,2023-03-19 00:00:00
482,1,Plumbing Service,Urgent Repair,86.27,2023-03-19 00:00:00
483,2,Stock Buy,Stock Purchase,161.5,2023-03-19 00:00:00
484,2,High-Yield Savings Transfer,Savings Deposit,68.4,2023-03-19 00:00:00
485,1,Plumbing Service,Urgent Repair,50.64,2023-03-20 00:00:00
486,1,Urgent Bill,Emergency Expense,44.43,2023-03-20 00:00:00
487,1,Doctor Visit,Healthcare,87.58,2023-03-20 00:00:00
488,2,IRA Contribution,Savings Deposit,92.46,2023-03-20 00:00:00
489,3,Movie Ticket,Entertainment,53.3,2023-03-20 00:00:00
490,1,Doctor Visit,Healthcare,193.29,2023-03-21 00:00:00
491,1,Urgent Bill,Emergency Expense,176.0,2023-03-21 00:00:00
492,2,IRA Contribution,Savings Deposit,75.68,2023-03-21 00:00:00
493,2,ETF Purchase,Stock Purchase,119.96,2023-03-21 00:00:00
494,3,Local Bar,Bars & Cafes,149.91,2023-03-21 00:00:00
495,3,Gadget Purchase,Personal Indulgence,161.92,2023-03-21 00:00:00
496,3,Spa Visit,Personal Indulgence,151.72,2023-03-21 00:00:00
497,4,Farmers Market,Groceries,65.87,2023-03-21 00:00:00
498,4,Utility Bill,Housing,148.36,2023-03-21 00:00:00
499,4,Supermarket,Groceries,155.9,2023-03-21 00:00:00
500,1,Home Repair,Urgent Repair,6.16,2023-03-22 00:00:00
501,1,Doctor Visit,Healthcare,54.13,2023-03-22 00:00:00
502,1,Insurance Premium,Healthcare,155.75,2023-03-22 00:00:00
503,2,Stock Broker Fee,Stock Purchase,52.37,2023-03-22 00:00:00
504,4,Gas Station,Transportation,19.49,2023-03-22 00:00:00
505,1,Car Repair,Emergency Expense,96.49,2023-03-23 00:00:00
506,1,Doctor Visit,Healthcare,149.93,2023-03-23 00:00:00
507,3,Lunch,Bars & Cafes,39.93,2023-03-23 00:00:00
508,4,Supermarket,Groceries,113.57,2023-03-23 00:00:00
509,4,Electric Bill,Utility Bill,71.19,2023-03-23 00:00:00
510,1,Plumbing Service,Urgent Repair,186.0,2023-03-24 00:00:00
511,1,Vehicle Repair,Urgent Repair,71.59,2023-03-24 00:00:00
512,2,401k Contribution,Investment Contribution,105.7,2023-03-24 00:00:00
513,2,Deposit to Savings,Savings Deposit,40.09,2023-03-24 00:00:00
514,2,401k Contribution,Investment Contribution,13.76,2023-03-24 00:00:00
515,3,Concert,Entertainment,22.32,2023-03-24 00:00:00
516,3,Gadget Purchase,Personal Indulgence,134.09,2023-03-24 00:00:00
517,4,Utility Bill,Housing,40.38,2023-03-24 00:00:00
518,4,Supermarket,Groceries,127.56,2023-03-24 00:00:00
519,4,Utility Bill,Housing,36.6,2023-03-24 00:00:00
520,1,Plumbing Service,Urgent Repair,12.23,2023-03-25 00:00:00
521,4,Water Bill,Utility Bill,168.49,2023-03-25 00:00:00
522,4,Farmers Market,Groceries,143.04,2023-03-25 00:00:00
523,1,Vehicle Repair,Urgent Repair,149.2,2023-03-26 00:00:00
524,2,Stock Broker Fee,Stock Purchase,90.21,2023-03-26 00:00:00
525,2,Stock Buy,Stock Purchase,186.14,2023-03-26 00:00:00
526,3,Gadget Purchase,Personal Indulgence,109.35,2023-03-26 00:00:00
527,3,Mall Purchase,Shopping,75.69,2023-03-26 00:00:00
528,3,Lunch,Bars & Cafes,186.13,2023-03-26 00:00:00
529,1,Vehicle Repair,Urgent Repair,95.71,2023-03-27 00:00:00
530,1,Insurance Premium,Healthcare,108.03,2023-03-27 00:00:00
531,1,Car Repair,Emergency Expense,18.76,2023-03-27 00:00:00
532,3,Movie Ticket,Entertainment,191.79,2023-03-27 00:00:00
533,3,Coffee Shop,Bars & Cafes,199.07,2023-03-27 00:00:00
534,3,Fashion Store,Shopping,82.9,2023-03-27 00:00:00
535,2,Stock Purchase,Investment Contribution,110.42,2023-03-28 00:00:00
536,2,Deposit to Savings,Savings Deposit,72.24,2023-03-28 00:00:00
537,4,Farmers Market,Groceries,14.03,2023-03-28 00:00:00
538,4,Taxi,Transportation,48.57,2023-03-28 00:00:00
539,1,Vehicle Repair,Urgent Repair,185.92,2023-03-29 00:00:00
540,1,Doctor Visit,Healthcare,182.15,2023-03-29 00:00:00
541,4,Online Grocery,Groceries,185.78,2023-03-29 00:00:00
542,1,Pharmacy,Healthcare,23.44,2023-03-30 00:00:00
543,2,Stock Purchase,Investment Contribution,85.4,2023-03-30 00:00:00
544,3,Movie Ticket,Entertainment,94.6,2023-03-30 00:00:00
545,3,Mall Purchase,Shopping,104.97,2023-03-30 00:00:00
546,4,Electric Bill,Utility Bill,88.03,2023-03-30 00:00:00
547,4,Farmers Market,Groceries,46.84,2023-03-30 00:00:00
548,1,Home Repair,Urgent Repair,139.94,2023-03-31 00:00:00
549,2,Stock Broker Fee,Stock Purchase,137.18,2023-03-31 00:00:00
550,2,Stock Broker Fee,Stock Purchase,10.8,2023-03-31 00:00:00
551,2,Stock Purchase,Investment Contribution,186.08,2023-03-31 00:00:00
552,3,Streaming Service,Entertainment,146.74,2023-03-31 00:00:00
553,3,Movie Ticket,Entertainment,148.75,2023-03-31 00:00:00
554,4,Water Bill,Utility Bill,63.28,2023-03-31 00:00:00
555,1,Vehicle Repair,Urgent Repair,99.86,2023-04-01 00:00:00
556,1,Urgent Bill,Emergency Expense,166.18,2023-04-01 00:00:00
557,2,Stock Buy,Stock Purchase,121.12,2023-04-01 00:00:00
558,2,IRA Contribution,Savings Deposit,52.63,2023-04-01 00:00:00
559,4,Farmers Market,Groceries,45.18,2023-04-01 00:00:00
560,4,Farmers Market,Groceries,107.92,2023-04-01 00:00:00
561,4,Internet Service,Utility Bill,195.38,2023-04-01 00:00:00
562,1,Urgent Bill,Emergency Expense,94.85,2023-04-02 00:00:00
563,1,Vehicle Repair,Urgent Repair,47.9,2023-04-02 00:00:00
564,2,401k Contribution,Investment Contribution,63.54,2023-04-02 00:00:00
565,2,Stock Purchase,Investment Contribution,152.88,2023-04-02 00:00:00
566,2,401k Contribution,Investment Contribution,54.82,2023-04-02 00:00:00
567,4,Farmers Market,Groceries,62.73,2023-04-02 00:00:00
568,1,Urgent Bill,Emergency Expense,96.76,2023-04-03 00:00:00
569,3,Spa Visit,Personal Indulgence,162.89,2023-04-03 00:00:00
570,4,Gas Station,Transportation,194.12,2023-04-03 00:00:00
571,4,Electric Bill,Utility Bill,158.81,2023-04-03 00:00:00
572,4,Internet Service,Utility Bill,116.61,2023-04-03 00:00:00
573,1,Insurance Premium,Healthcare,122.25,2023-04-04 00:00:00
574,2,401k Contribution,Investment Contribution,43.65,2023-04-04 00:00:00
575,3,Lunch,Bars & Cafes,23.43,2023-04-04 00:00:00
576,1,Vehicle Repair,Urgent Repair,36.45,2023-04-05 00:00:00
577,1,Home Repair,Urgent Repair,108.12,2023-04-05 00:00:00
578,1,Vehicle Repair,Urgent Repair,164.54,2023-04-05 00:00:00
579,2,High-Yield Savings Transfer,Savings Deposit,7.64,2023-04-05 00:00:00
580,2,High-Yield Savings Transfer,Savings Deposit,97.36,2023-04-05 00:00:00
581,2,Crypto Investment,Investment Contribution,131.95,2023-04-05 00:00:00
582,3,Local Bar,Bars & Cafes,111.73,2023-04-05 00:00:00
583,3,Luxury Item,Personal Indulgence,151.72,2023-04-05 00:00:00
584,3,Fashion Store,Shopping,72.41,2023-04-05 00:00:00
585,4,Public Transit,Transportation,98.0,2023-04-05 00:00:00
586,4,Rent Payment,Housing,87.6,2023-04-05 00:00:00
587,4,Online Grocery,Groceries,179.44,2023-04-05 00:00:00
588,1,Plumbing Service,Urgent Repair,119.84,2023-04-06 00:00:00
589,2,IRA Contribution,Savings Deposit,111.97,2023-04-06 00:00:00
590,2,Deposit to Savings,Savings Deposit,9.4,2023-04-06 00:00:00
591,3,Mall Purchase,Shopping,151.06,2023-04-06 00:00:00
592,4,Internet Service,Utility Bill,73.38,2023-04-06 00:00:00
593,4,Gas Station,Transportation,50.02,2023-04-06 00:00:00
594,4,Supermarket,Groceries,29.73,2023-04-06 00:00:00
595,2,ETF Purchase,Stock Purchase,56.24,2023-04-07 00:00:00
596,4,Utility Bill,Housing,104.0,2023-04-07 00:00:00
597,2,ETF Purchase,Stock Purchase,154.98,2023-04-08 00:00:00
598,1,Urgent Bill,Emergency Expense,150.62,2023-04-09 00:00:00
599,1,Emergency Travel,Emergency Expense,22.29,2023-04-09 00:00:00
600,1,Insurance Premium,Healthcare,158.32,2023-04-09 00:00:00
601,2,Stock Broker Fee,Stock Purchase,78.86,2023-04-09 00:00:00
602,2,Stock Purchase,Investment Contribution,123.15,2023-04-09 00:00:00
603,2,Stock Broker Fee,Stock Purchase,75.06,2023-04-09 00:00:00
604,3,Local Bar,Bars & Cafes,77.47,2023-04-09 00:00:00
605,3,Luxury Item,Personal Indulgence,27.33,2023-04-09 00:00:00
606,4,Public Transit,Transportation,90.04,2023-04-09 00:00:00
607,4,Water Bill,Utility Bill,100.08,2023-04-09 00:00:00
608,4,Public Transit,Transportation,112.02,2023-04-09 00:00:00
609,1,Car Repair,Emergency Expense,35.27,2023-04-10 00:00:00
610,2,Stock Buy,Stock Purchase,186.66,2023-04-10 00:00:00
611,4,Gas Station,Transportation,146.07,2023-04-10 00:00:00
612,4,Taxi,Transportation,98.51,2023-04-10 00:00:00
613,4,Electric Bill,Utility Bill,76.31,2023-04-10 00:00:00
614,2,401k Contribution,Investment Contribution,124.24,2023-04-11 00:00:00
615,3,Luxury Item,Personal Indulgence,99.8,2023-04-11 00:00:00
616,3,Coffee Shop,Bars & Cafes,55.07,2023-04-11 00:00:00
617,2,Stock Buy,Stock Purchase,104.09,2023-04-12 00:00:00
618,3,Coffee Shop,Bars & Cafes,165.31,2023-04-12 00:00:00
619,1,Emergency Travel,Emergency Expense,59.08,2023-04-13 00:00:00
620,2,High-Yield Savings Transfer,Savings Deposit,31.83,2023-04-13 00:00:00
621,3,Movie Ticket,Entertainment,174.75,2023-04-13 00:00:00
622,4,Mortgage Payment,Housing,80.0,2023-04-13 00:00:00
623,1,Doctor Visit,Healthcare,55.26,2023-04-14 00:00:00
624,2,High-Yield Savings Transfer,Savings Deposit,68.74,2023-04-14 00:00:00
625,2,ETF Purchase,Stock Purchase,29.7,2023-04-14 00:00:00
626,2,401k Contribution,Investment Contribution,68.57,2023-04-14 00:00:00
627,3,Mall Purchase,Shopping,76.92,2023-04-14 00:00:00
628,4,Mortgage Payment,Housing,114.13,2023-04-14 00:00:00
629,1,Pharmacy,Healthcare,130.37,2023-04-15 00:00:00
630,3,Spa Visit,Personal Indulgence,116.75,2023-04-15 00:00:00
631,3,Concert,Entertainment,29.15,2023-04-15 00:00:00
632,1,Urgent Bill,Emergency Expense,48.1,2023-04-16 00:00:00
633,1,Plumbing Service,Urgent Repair,30.99,2023-04-16 00:00:00
634,2,High-Yield Savings Transfer,Savings Deposit,199.2,2023-04-16 00:00:00
635,3,Lunch,Bars & Cafes,189.56,2023-04-16 00:00:00
636,3,Concert,Entertainment,196.19,2023-04-16 00:00:00
637,4,Rent Payment,Housing,72.82,2023-04-16 00:00:00
638,1,Insurance Premium,Healthcare,73.01,2023-04-17 00:00:00
639,1,Pharmacy,Healthcare,159.84,2023-04-17 00:00:00
640,2,401k Contribution,Investment Contribution,57.09,2023-04-17 00:00:00
641,2,ETF Purchase,Stock Purchase,149.29,2023-04-17 00:00:00
642,3,Movie Ticket,Entertainment,121.56,2023-04-17 00:00:00
643,4,Gas Station,Transportation,25.27,2023-04-17 00:00:00
644,4,Online Grocery,Groceries,81.49,2023-04-17 00:00:00
645,4,Online Grocery,Groceries,26.93,2023-04-17 00:00:00
646,1,Vehicle Repair,Urgent Repair,186.04,2023-04-18 00:00:00
647,1,Insurance Premium,Healthcare,155.34,2023-04-18 00:00:00
648,1,Pharmacy,Healthcare,167.66,2023-04-18 00:00:00
649,2,Stock Buy,Stock Purchase,174.76,2023-04-18 00:00:00
650,2,Crypto Investment,Investment Contribution,103.35,2023-04-18 00:00:00
651,4,Online Grocery,Groceries,170.54,2023-04-18 00:00:00
652,2,401k Contribution,Investment Contribution,74.64,2023-04-19 00:00:00
653,3,Spa Visit,Personal Indulgence,191.73,2023-04-19 00:00:00
654,3,Lunch,Bars & Cafes,190.41,2023-04-19 00:00:00
655,3,Online Shopping,Shopping,33.72,2023-04-19 00:00:00
656,4,Utility Bill,Housing,26.41,2023-04-19 00:00:00
657,4,Water Bill,Utility Bill,185.37,2023-04-19 00:00:00
658,1,Urgent Bill,Emergency Expense,198.47,2023-04-20 00:00:00
659,1,Insurance Premium,Healthcare,116.14,2023-04-20 00:00:00
660,1,Vehicle Repair,Urgent Repair,19.1,2023-04-20 00:00:00
661,3,Online Shopping,Shopping,37.71,2023-04-20 00:00:00
662,4,Rent Payment,Housing,79.36,2023-04-20 00:00:00
663,4,Public Transit,Transportation,136.73,2023-04-20 00:00:00
664,4,Electric Bill,Utility Bill,36.38,2023-04-20 00:00:00
665,2,Stock Broker Fee,Stock Purchase,69.46,2023-04-21 00:00:00
666,2,ETF Purchase,Stock Purchase,163.24,2023-04-21 00:00:00
667,3,Local Bar,Bars & Cafes,168.46,2023-04-21 00:00:00
668,4,Gas Station,Transportation,186.5,2023-04-21 00:00:00
669,4,Supermarket,Groceries,51.53,2023-04-21 00:00:00
670,4,Mortgage Payment,Housing,188.97,2023-04-21 00:00:00
671,1,Emergency Travel,Emergency Expense,146.13,2023-04-22 00:00:00
672,1,Car Repair,Emergency Expense,44.1,2023-04-22 00:00:00
673,1,Pharmacy,Healthcare,199.62,2023-04-22 00:00:00
674,3,Gadget Purchase,Personal Indulgence,168.08,2023-04-22 00:00:00
675,3,Local Bar,Bars & Cafes,139.04,2023-04-22 00:00:00
676,3,Local Bar,Bars & Cafes,17.51,2023-04-22 00:00:00
677,4,Rent Payment,Housing,121.4,2023-04-22 00:00:00
678,1,Car Repair,Emergency Expense,175.94,2023-04-23 00:00:00
679,4,Rent Payment,Housing,102.64,2023-04-23 00:00:00
680,1,Emergency Travel,Emergency Expense,148.28,2023-04-24 00:00:00
681,1,Home Repair,Urgent Repair,96.12,2023-04-24 00:00:00
682,1,Vehicle Repair,Urgent Repair,21.99,2023-04-24 00:00:00
683,3,Lunch,Bars & Cafes,59.08,2023-04-24 00:00:00
684,4,Taxi,Transportation,7.12,2023-04-24 00:00:00
685,4,Water Bill,Utility Bill,101.8,2023-04-24 00:00:00
686,2,Stock Buy,Stock Purchase,78.65,2023-04-25 00:00:00
687,3,Gadget Purchase,Personal Indulgence,141.61,2023-04-25 00:00:00
688,3,Coffee Shop,Bars & Cafes,76.6,2023-04-25 00:00:00
689,4,Gas Station,Transportation,40.12,2023-04-25 00:00:00
690,1,Insurance Premium,Healthcare,165.92,2023-04-26 00:00:00
691,1,Plumbing Service,Urgent Repair,179.19,2023-04-26 00:00:00
692,1,Insurance Premium,Healthcare,68.52,2023-04-26 00:00:00
693,2,Deposit to Savings,Savings Deposit,196.5,2023-04-26 00:00:00
694,2,Stock Purchase,Investment Contribution,198.92,2023-04-26 00:00:00
695,2,Crypto Investment,Investment Contribution,190.05,2023-04-26 00:00:00
696,1,Plumbing Service,Urgent Repair,110.92,2023-04-27 00:00:00
697,1,Emergency Travel,Emergency Expense,133.94,2023-04-27 00:00:00
698,1,Insurance Premium,Healthcare,111.72,2023-04-27 00:00:00
699,2,High-Yield Savings Transfer,Savings Deposit,63.2,2023-04-27 00:00:00
700,2,Stock Broker Fee,Stock Purchase,80.74,2023-04-27 00:00:00
701,3,Streaming Service,Entertainment,155.03,2023-04-27 00:00:00
702,3,Online Shopping,Shopping,13.24,2023-04-27 00:00:00
703,4,Electric Bill,Utility Bill,133.4,2023-04-27 00:00:00
704,4,Gas Station,Transportation,80.78,2023-04-27 00:00:00
705,4,Online Grocery,Groceries,186.22,2023-04-27 00:00:00
706,1,Vehicle Repair,Urgent Repair,153.46,2023-04-28 00:00:00
707,3,Luxury Item,Personal Indulgence,176.91,2023-04-28 00:00:00
708,3,Movie Ticket,Entertainment,68.77,2023-04-28 00:00:00
709,4,Water Bill,Utility Bill,78.06,2023-04-28 00:00:00
710,1,Urgent Bill,Emergency Expense,110.48,2023-04-29 00:00:00
711,2,ETF Purchase,Stock Purchase,75.48,2023-04-29 00:00:00
712,3,Lunch,Bars & Cafes,187.62,2023-04-29 00:00:00
713,3,Concert,Entertainment,91.66,2023-04-29 00:00:00
714,2,High-Yield Savings Transfer,Savings Deposit,80.23,2023-04-30 00:00:00
715,2,ETF Purchase,Stock Purchase,157.84,2023-04-30 00:00:00
716,2,ETF Purchase,Stock Purchase,103.72,2023-04-30 00:00:00
717,3,Streaming Service,Entertainment,155.11,2023-04-30 00:00:00
